{"cameraMode":{"drawMode":0,"name":"Shaded","section":"Shading Mode"},"sceneLighting":true,"audioPlay":false,"sceneViewState":{"m_AlwaysRefresh":false,"showFog":true,"showSkybox":true,"showFlares":false,"showImageEffects":true,"showParticleSystems":true,"showVisualEffectGraphs":true,"m_FxEnabled":true},"in2DMode":false,"pivot":{"x":393.8586120605469,"y":-2.2881460189819338,"z":389.4477844238281},"rotation":{"x":-0.012761581689119339,"y":0.6658657789230347,"z":-0.01133042573928833,"w":-0.7459095120429993},"size":1.4414643049240113,"orthographic":false}